Time,fx,fy,fz,tx,ty,tz
677.655437707901,-0.555239155925367,-11.859833255262485,-1.049266379179736,-0.07259211847519233,-0.11755367582469405,0.25609452724702536
