Time,fx,fy,fz,tx,ty,tz
342.345584154129,0.14633856292654204,-9.82216559586967,0.8336369723775566,-0.15285091382476826,-0.2386912321013819,0.36720819825454826
