Time,fx,fy,fz,tx,ty,tz
567.6116945743561,-0.8075003801661027,2.9502674564194056,-1.6116843006612827,-0.6725779121917165,0.06318755748384096,0.1521168398512934
