Time,fx,fy,fz,tx,ty,tz
432.86929655075073,-1.083832608175633,1.3527965727642077,-1.1770312790458957,-0.7036497168324233,-0.11088137403516737,0.24336464882444575
