Time,fx,fy,fz,tx,ty,tz
478.30246472358704,-0.4915145312806869,5.968689475481277,-1.2512005477246027,-0.6265889702226978,-0.07035256021524539,0.25810275482789496
