Time,fx,fy,fz,tx,ty,tz
410.49748373031616,-0.6521448313743844,3.449621413241862,-1.5176123575581562,-0.6883022113357448,-0.0066581190655266844,0.2184279262999092
