Time,fx,fy,fz,tx,ty,tz
633.6482212543488,-0.9588912387770526,-3.5116473178852896,-1.6233472981938601,-0.5999980990734626,0.07081939547632225,0.10309934023014791
