Time,fx,fy,fz,tx,ty,tz
275.6338155269623,0.10760069476929199,-7.141328971568074,-1.8334159423039447,-0.40044029812820225,0.37499835590793695,0.16330732588161959
