Time,fx,fy,fz,tx,ty,tz
522.8954417705536,-0.6840294585526626,-6.429917577508423,-1.3523532121389499,-0.28768296273116317,0.010600759388988483,0.1890512978332503
