Time,fx,fy,fz,tx,ty,tz
544.9555759429932,-0.6197953681627787,1.6221279890949496,-1.4948561838394345,-0.5980933692480932,-0.03339409594840447,0.13238231631259315
