Time,fx,fy,fz,tx,ty,tz
500.75749015808105,-0.5045618739267042,6.238012251404538,-1.2170683198424799,-0.8274687008860294,0.2878659715525278,0.3584007880545532
