Time,fx,fy,fz,tx,ty,tz
387.11160111427307,-0.7241107277480608,-6.9098087723015515,-2.059335579451505,-0.4261941990921584,0.11956737293921632,0.17573284708673756
