Time,fx,fy,fz,tx,ty,tz
320.0435037612915,-0.8367615693866784,1.4939695254661536,-0.1100358710444549,-0.5930641200857238,-0.014943598805291865,0.1548264467729592
