Time,fx,fy,fz,tx,ty,tz
721.4653038978577,-1.2499787979292494,15.227610516355305,-1.2291366318985542,-0.8356107319821007,-0.14129564185861246,0.3329740922643875
