Time,fx,fy,fz,tx,ty,tz
655.6360213756561,0.290034068616143,-6.732835537869962,-0.5231516567039971,-0.19892031104494837,-0.08363059804883696,0.27547825759473876
