Time,fx,fy,fz,tx,ty,tz
611.9263970851898,-0.32565921845745244,-9.322393649730207,-0.9093658133014284,-0.17460795400382426,0.28462527795039605,0.40285730726136826
