Time,fx,fy,fz,tx,ty,tz
589.8802959918976,-0.10400597916470194,-8.88578932854232,-0.22724468595529243,-0.18027965027311715,0.12375178169250678,0.28910779150181193
