Time,fx,fy,fz,tx,ty,tz
364.70364594459534,0.09031982013307328,-11.971677853102168,-0.1534953212855889,0.01974150428387334,-0.15082620440867167,0.3887794853723845
