Time,fx,fy,fz,tx,ty,tz
297.9127666950226,-1.0821918361757197,1.2322071669660155,-1.5671914687435953,-0.539430717408604,0.303453534312191,0.14414688735421777
