Time,fx,fy,fz,tx,ty,tz
699.7014722824097,-0.6144222908456859,-3.5693299884130227,-1.832956616595049,-0.48348054356415643,0.14966963625962001,0.3069645543883621
